objectID,isHighlight,accessionNumber,accessionYear,isPublicDomain,primaryImage,primaryImageSmall,additionalImages,constituents,department,objectName,title,culture,period,dynasty,reign,portfolio,artistRole,artistPrefix,artistDisplayName,artistDisplayBio,artistSuffix,artistAlphaSort,artistNationality,artistBeginDate,artistEndDate,artistGender,artistWikidata_URL,artistULAN_URL,objectDate,objectBeginDate,objectEndDate,medium,dimensions,measurements,creditLine,geographyType,city,state,county,country,region,subregion,locale,locus,excavation,river,classification,rightsAndReproduction,linkResource,metadataDate,repository,objectURL,tags,objectWikidata_URL,isTimelineWork,GalleryNumber
1,False,1979.486.1,1979,False,,,,"164292,Maker,James Barton Longacre,http://vocab.getty.edu/page/ulan/500011409,https://www.wikidata.org/wiki/Q3806459,",The American Wing,Coin,One-dollar Liberty Head Coin,,,,,,Maker,,James Barton Longacre,"American, Delaware County, Pennsylvania 1794–1869 Philadelphia, Pennsylvania",,"Longacre, James Barton",American,1794,1869,,https://www.wikidata.org/wiki/Q3806459,http://vocab.getty.edu/page/ulan/500011409,1853,1853,1853,Gold,Dimensions unavailable,None,"Gift of Heinz L. Stoppelmann, 1979",,,,,,,,,,,,,,,2021-04-06T04:41:04.967Z,"Metropolitan Museum of Art, New York, NY",https://www.metmuseum.org/art/collection/search/1,None,,False,
2,False,1980.264.5,1980,False,,,,"1079,Maker,Christian Gobrecht,http://vocab.getty.edu/page/ulan/500077295,https://www.wikidata.org/wiki/Q5109648,",The American Wing,Coin,Ten-dollar Liberty Head Coin,,,,,,Maker,,Christian Gobrecht,1785–1844,,"Gobrecht, Christian",,1785,1844,,https://www.wikidata.org/wiki/Q5109648,http://vocab.getty.edu/page/ulan/500077295,1901,1901,1901,Gold,Dimensions unavailable,None,"Gift of Heinz L. Stoppelmann, 1980",,,,,,,,,,,,,,,2021-04-06T04:41:04.967Z,"Metropolitan Museum of Art, New York, NY",https://www.metmuseum.org/art/collection/search/2,None,,False,
3,False,67.265.9,1967,False,,,,None,The American Wing,Coin,Two-and-a-Half Dollar Coin,,,,,,,,,,,,,,,,,,1909–27,1909,1927,Gold,Diam. 11/16 in. (1.7 cm),"Other,Object diameter,1.7463","Gift of C. Ruxton Love Jr., 1967",,,,,,,,,,,,,,,2021-04-06T04:41:04.967Z,"Metropolitan Museum of Art, New York, NY",https://www.metmuseum.org/art/collection/search/3,None,,False,
4,False,67.265.10,1967,False,,,,None,The American Wing,Coin,Two-and-a-Half Dollar Coin,,,,,,,,,,,,,,,,,,1909–27,1909,1927,Gold,Diam. 11/16 in. (1.7 cm),"Other,Object diameter,1.7463","Gift of C. Ruxton Love Jr., 1967",,,,,,,,,,,,,,,2021-04-06T04:41:04.967Z,"Metropolitan Museum of Art, New York, NY",https://www.metmuseum.org/art/collection/search/4,None,,False,
5,False,67.265.11,1967,False,,,,None,The American Wing,Coin,Two-and-a-Half Dollar Coin,,,,,,,,,,,,,,,,,,1909–27,1909,1927,Gold,Diam. 11/16 in. (1.7 cm),"Other,Object diameter,1.7463","Gift of C. Ruxton Love Jr., 1967",,,,,,,,,,,,,,,2021-04-06T04:41:04.967Z,"Metropolitan Museum of Art, New York, NY",https://www.metmuseum.org/art/collection/search/5,None,,False,
6,False,67.265.12,1967,False,,,,None,The American Wing,Coin,Two-and-a-Half Dollar Coin,,,,,,,,,,,,,,,,,,1909–27,1909,1927,Gold,Diam. 11/16 in. (1.7 cm),"Other,Object diameter,1.7463","Gift of C. Ruxton Love Jr., 1967",,,,,,,,,,,,,,,2021-04-06T04:41:04.967Z,"Metropolitan Museum of Art, New York, NY",https://www.metmuseum.org/art/collection/search/6,None,,False,
7,False,67.265.13,1967,False,,,,None,The American Wing,Coin,Two-and-a-Half Dollar Coin,,,,,,,,,,,,,,,,,,1909–27,1909,1927,Gold,Diam. 11/16 in. (1.7 cm),"Other,Object diameter,1.7463","Gift of C. Ruxton Love Jr., 1967",,,,,,,,,,,,,,,2021-04-06T04:41:04.967Z,"Metropolitan Museum of Art, New York, NY",https://www.metmuseum.org/art/collection/search/7,"Birds,http://vocab.getty.edu/page/aat/300266506,https://www.wikidata.org/wiki/Q5113,Coins,http://vocab.getty.edu/page/aat/300037222,https://www.wikidata.org/wiki/Q41207",,False,
8,False,67.265.14,1967,False,,,,None,The American Wing,Coin,Two-and-a-Half Dollar Coin,,,,,,,,,,,,,,,,,,1909–27,1909,1927,Gold,Diam. 11/16 in. (1.7 cm),"Other,Object diameter,1.7463","Gift of C. Ruxton Love Jr., 1967",,,,,,,,,,,,,,,2021-04-06T04:41:04.967Z,"Metropolitan Museum of Art, New York, NY",https://www.metmuseum.org/art/collection/search/8,"Men,http://vocab.getty.edu/page/aat/300025928,https://www.wikidata.org/wiki/Q8441,Profiles,http://vocab.getty.edu/page/aat/300123319,https://www.wikidata.org/wiki/Q4382010,Eagles,http://vocab.getty.edu/page/aat/300250049,https://www.wikidata.org/wiki/Q2092297",,False,
9,False,67.265.15,1967,False,,,,None,The American Wing,Coin,Two-and-a-Half Dollar Coin,,,,,,,,,,,,,,,,,,1909–27,1909,1927,Gold,Diam. 11/16 in. (1.7 cm),"Other,Object diameter,1.7463","Gift of C. Ruxton Love Jr., 1967",,,,,,,,,,,,,,,2021-04-06T04:41:04.967Z,"Metropolitan Museum of Art, New York, NY",https://www.metmuseum.org/art/collection/search/9,None,,False,
10,False,1979.486.3,1979,False,,,,"1080,Maker,Bela Lyon Pratt,http://vocab.getty.edu/page/ulan/500095555,https://www.wikidata.org/wiki/Q4881787,",The American Wing,Coin,Two-and-a-half-dollar Indian Head Coin,,,,,,Maker,,Bela Lyon Pratt,1867–1917,,"Pratt, Bela Lyon",,1867,1917,,https://www.wikidata.org/wiki/Q4881787,http://vocab.getty.edu/page/ulan/500095555,1912,1912,1912,Gold,Dimensions unavailable,"Other,Object diameter,1.7","Gift of Heinz L. Stoppelmann, 1979",,,,,,,,,,,,,,,2021-04-06T04:41:04.967Z,"Metropolitan Museum of Art, New York, NY",https://www.metmuseum.org/art/collection/search/10,None,,False,
11,False,1979.486.2,1979,False,,,,"1079,Maker,Christian Gobrecht,http://vocab.getty.edu/page/ulan/500077295,https://www.wikidata.org/wiki/Q5109648,",The American Wing,Coin,Two-and-a-half-dollar Liberty Head Coin,,,,,,Maker,,Christian Gobrecht,1785–1844,,"Gobrecht, Christian",,1785,1844,,https://www.wikidata.org/wiki/Q5109648,http://vocab.getty.edu/page/ulan/500077295,1907,1907,1907,Gold,Dimensions unavailable,"Other,Object diameter,1.7","Gift of Heinz L. Stoppelmann, 1979",,,,,,,,,,,,,,,2021-04-06T04:41:04.967Z,"Metropolitan Museum of Art, New York, NY",https://www.metmuseum.org/art/collection/search/11,None,,False,
12,False,1979.486.7,1979,False,,,,"164292,Maker,James Barton Longacre,http://vocab.getty.edu/page/ulan/500011409,https://www.wikidata.org/wiki/Q3806459,",The American Wing,Coin,Twenty-dollar Liberty Head Coin,,,,,,Maker,,James Barton Longacre,"American, Delaware County, Pennsylvania 1794–1869 Philadelphia, Pennsylvania",,"Longacre, James Barton",American,1794,1869,,https://www.wikidata.org/wiki/Q3806459,http://vocab.getty.edu/page/ulan/500011409,1876,1876,1876,Gold,Dimensions unavailable,"Other,Object diameter,1.7","Gift of Heinz L. Stoppelmann, 1979",,,,,,,,,,,,,,,2021-04-06T04:41:04.967Z,"Metropolitan Museum of Art, New York, NY",https://www.metmuseum.org/art/collection/search/12,None,,False,
13,False,1979.486.4,1979,False,,,,"1080,Maker,Bela Lyon Pratt,http://vocab.getty.edu/page/ulan/500095555,https://www.wikidata.org/wiki/Q4881787,",The American Wing,Coin,Five-dollar Indian Head Coin,,,,,,Maker,,Bela Lyon Pratt,1867–1917,,"Pratt, Bela Lyon",,1867,1917,,https://www.wikidata.org/wiki/Q4881787,http://vocab.getty.edu/page/ulan/500095555,1910,1910,1910,Gold,Dimensions unavailable,"Other,Object diameter,1.7","Gift of Heinz L. Stoppelmann, 1979",,,,,,,,,,,,,,,2021-04-06T04:41:04.967Z,"Metropolitan Museum of Art, New York, NY",https://www.metmuseum.org/art/collection/search/13,None,,False,
14,False,1979.486.5,1979,False,,,,"1079,Maker,Christian Gobrecht,http://vocab.getty.edu/page/ulan/500077295,https://www.wikidata.org/wiki/Q5109648,",The American Wing,Coin,Five-dollar Liberty Head Coin,,,,,,Maker,,Christian Gobrecht,1785–1844,,"Gobrecht, Christian",,1785,1844,,https://www.wikidata.org/wiki/Q5109648,http://vocab.getty.edu/page/ulan/500077295,1907,1907,1907,Gold,Dimensions unavailable,"Other,Object diameter,1.7","Gift of Heinz L. Stoppelmann, 1979",,,,,,,,,,,,,,,2021-04-06T04:41:04.967Z,"Metropolitan Museum of Art, New York, NY",https://www.metmuseum.org/art/collection/search/14,None,,False,
15,False,16.74.49,1916,False,,,,None,The American Wing,Coin,"Coin, 1/2 Real",Mexican,,,,,,,,,,,,,,,,,1665–1700,1665,1700,Silver,Diam. 1/2 in. (1.3 cm),"Other,Object diameter,1.27","Gift of Mrs. Russell Sage, 1916",Made in,,,,Mexico,,,,,,,,,,2021-04-06T04:41:04.967Z,"Metropolitan Museum of Art, New York, NY",https://www.metmuseum.org/art/collection/search/15,None,,False,
16,False,16.74.27,1916,False,,,,None,The American Wing,Peso,"Coin, 1/4 Peso",Mexican,,,,,,,,,,,,,,,,,1800–1900,1800,1900,Bronze or copper,Diam. 1 1/8 in. (2.9 cm),"Other,Object diameter,2.8575","Gift of Mrs. Russell Sage, 1916",Made in,,,,Mexico,,,,,,,,,,2021-04-06T04:41:04.967Z,"Metropolitan Museum of Art, New York, NY",https://www.metmuseum.org/art/collection/search/16,None,,False,
17,False,16.74.28,1916,False,,,,None,The American Wing,Peso,"Coin, 1/4 Peso",Mexican,,,,,,,,,,,,,,,,,1867,1867,1867,Bronze or copper,Diam. 1 1/8 in. (2.9 cm),"Other,Object diameter,2.8575","Gift of Mrs. Russell Sage, 1916",Made in,,,,Mexico,,,,,,,,,,2021-04-06T04:41:04.967Z,"Metropolitan Museum of Art, New York, NY",https://www.metmuseum.org/art/collection/search/17,None,,False,
18,False,16.74.29,1916,False,,,,None,The American Wing,Peso,"Coin, 1/4 Peso",Mexican,,,,,,,,,,,,,,,,,1860,1860,1860,Bronze or copper,Diam. 1 1/8 in. (2.9 cm),"Other,Object diameter,2.8575","Gift of Mrs. Russell Sage, 1916",Made in,,,,Mexico,,,,,,,,,,2021-04-06T04:41:04.967Z,"Metropolitan Museum of Art, New York, NY",https://www.metmuseum.org/art/collection/search/18,None,,False,
19,False,16.74.30,1916,False,,,,None,The American Wing,Peso,"Coin, 1/4 Peso",Mexican,,,,,,,,,,,,,,,,,1859,1859,1859,Bronze or copper,Diam. 1 1/8 in. (2.9 cm),"Other,Object diameter,2.9","Gift of Mrs. Russell Sage, 1916",Made in,,,,Mexico,,,,,,,,,,2021-04-06T04:41:04.967Z,"Metropolitan Museum of Art, New York, NY",https://www.metmuseum.org/art/collection/search/19,None,,False,
20,False,16.74.31,1916,False,,,,None,The American Wing,Peso,"Coin, 1/4 Peso",Mexican,,,,,,,,,,,,,,,,,1860,1860,1860,Bronze or copper,Diam. 1 1/8 in. (2.9 cm),"Other,Object diameter,2.9","Gift of Mrs. Russell Sage, 1916",Made in,,,,Mexico,,,,,,,,,,2021-04-06T04:41:04.967Z,"Metropolitan Museum of Art, New York, NY",https://www.metmuseum.org/art/collection/search/20,None,,False,
21,False,16.74.32,1916,False,,,,None,The American Wing,Peso,"Coin, 1/4 Peso",Mexican,,,,,,,,,,,,,,,,,1859,1859,1859,Bronze or copper,Diam. 1 1/8 in. (2.9 cm),"Other,Object diameter,2.9","Gift of Mrs. Russell Sage, 1916",Made in,,,,Mexico,,,,,,,,,,2021-04-06T04:41:04.967Z,"Metropolitan Museum of Art, New York, NY",https://www.metmuseum.org/art/collection/search/21,None,,False,
22,False,16.74.43,1916,False,,,,None,The American Wing,Coin,"Coin, 1/4 Real",Guatemalan,,,,,,,,,,,,,,,,,1881,1881,1881,Silver,Diam. 1/2 in. (1.3 cm),"Other,Object diameter,1.27","Gift of Mrs. Russell Sage, 1916",Made in,,,,Guatemala,,,,,,,,,,2021-04-06T04:41:04.967Z,"Metropolitan Museum of Art, New York, NY",https://www.metmuseum.org/art/collection/search/22,None,,False,
23,False,16.74.44,1916,False,,,,None,The American Wing,Coin,"Coin, 1/4 Real",Guatemalan,,,,,,,,,,,,,,,,,1878,1878,1878,Silver,Diam. 1/2 in. (1.3 cm),"Other,Object diameter,1.27","Gift of Mrs. Russell Sage, 1916",Made in,,,,Guatemala,,,,,,,,,,2021-04-06T04:41:04.967Z,"Metropolitan Museum of Art, New York, NY",https://www.metmuseum.org/art/collection/search/23,None,,False,
24,False,16.74.33,1916,False,,,,None,The American Wing,Centavos,"Coin, 10 Centavos",Mexican,,,,,,,,,,,,,,,,,1860–70,1860,1870,Nickel,Diam. 3/4 in. (1.9 cm),"Other,Object diameter,1.905","Gift of Mrs. Russell Sage, 1916",Made in,,,,Mexico,,,,,,,,,,2021-04-06T04:41:04.967Z,"Metropolitan Museum of Art, New York, NY",https://www.metmuseum.org/art/collection/search/24,None,,False,
25,False,16.74.34,1916,False,,,,None,The American Wing,Centavos,"Coin, 10 Centavos",Mexican,,,,,,,,,,,,,,,,,1860–70,1860,1870,Nickel,Diam. 3/4 in. (1.9 cm),"Other,Object diameter,1.905","Gift of Mrs. Russell Sage, 1916",Made in,,,,Mexico,,,,,,,,,,2021-04-06T04:41:04.967Z,"Metropolitan Museum of Art, New York, NY",https://www.metmuseum.org/art/collection/search/25,None,,False,
26,False,16.74.35,1916,False,,,,None,The American Wing,Centavos,"Coin, 10 Centavos",Mexican,,,,,,,,,,,,,,,,,1860–70,1860,1870,Nickel,Diam. 3/4 in. (1.9 cm),"Other,Object diameter,1.905","Gift of Mrs. Russell Sage, 1916",Made in,,,,Mexico,,,,,,,,,,2021-04-06T04:41:04.967Z,"Metropolitan Museum of Art, New York, NY",https://www.metmuseum.org/art/collection/search/26,None,,False,
27,False,16.74.36,1916,False,,,,None,The American Wing,Centavos,"Coin, 10 Centavos",Mexican,,,,,,,,,,,,,,,,,1860–70,1860,1870,Nickel,Diam. 3/4 in. (1.9 cm),"Other,Object diameter,1.905","Gift of Mrs. Russell Sage, 1916",Made in,,,,Mexico,,,,,,,,,,2021-04-06T04:41:04.967Z,"Metropolitan Museum of Art, New York, NY",https://www.metmuseum.org/art/collection/search/27,None,,False,
28,False,16.74.38,1916,False,,,,None,The American Wing,Centavos,"Coin, 10 Centavos",Mexican,,,,,,,,,,,,,,,,,1860–70,1860,1870,Nickel,Diam. 3/4 in. (1.9 cm),"Other,Object diameter,1.905","Gift of Mrs. Russell Sage, 1916",Made in,,,,Mexico,,,,,,,,,,2021-04-06T04:41:04.967Z,"Metropolitan Museum of Art, New York, NY",https://www.metmuseum.org/art/collection/search/28,None,,False,
29,False,16.74.39,1916,False,,,,None,The American Wing,Centavos,"Coin, 10 Centavos",Mexican,,,,,,,,,,,,,,,,,1860–70,1860,1870,Nickel,Diam. 3/4 in. (1.9 cm),"Other,Object diameter,1.905","Gift of Mrs. Russell Sage, 1916",Made in,,,,Mexico,,,,,,,,,,2021-04-06T04:41:04.967Z,"Metropolitan Museum of Art, New York, NY",https://www.metmuseum.org/art/collection/search/29,None,,False,
30,False,16.74.37,1916,False,,,,None,The American Wing,Centavos,"Coin, 10 Centavos",Mexican,,,,,,,,,,,,,,,,,1885,1885,1885,Nickel,Diam. 3/4 in. (1.9 cm),"Other,Object diameter,1.905","Gift of Mrs. Russell Sage, 1916",Made in,,,,Mexico,,,,,,,,,,2021-04-06T04:41:04.967Z,"Metropolitan Museum of Art, New York, NY",https://www.metmuseum.org/art/collection/search/30,None,,False,
31,False,16.74.40,1916,False,,,,None,The American Wing,Centavos,"Coin, 10 Centavos",Mexican,,,,,,,,,,,,,,,,,1885,1885,1885,Nickel,Diam. 3/4 in. (1.9 cm),"Other,Object diameter,1.905","Gift of Mrs. Russell Sage, 1916",Made in,,,,Mexico,,,,,,,,,,2021-04-06T04:41:04.967Z,"Metropolitan Museum of Art, New York, NY",https://www.metmuseum.org/art/collection/search/31,None,,False,
32,False,09.9.15,1909,False,,,,None,The American Wing,Pesos,"Coin, 20 Pesos",Mexican,,,,,,,,,,,,,,,,,1866,1866,1866,Gold,Diam. 2 1/8 in. (5.4 cm),"Other,Object diameter,5.3975","Gift of H. R. Ickelheimer, 1909",Made in,,,,Mexico,,,,,,,,,,2021-04-06T04:41:04.967Z,"Metropolitan Museum of Art, New York, NY",https://www.metmuseum.org/art/collection/search/32,None,,False,
33,False,64.62,1964,False,,,,"164590,Maker,James Gillinder and Sons,,,",The American Wing,Bust,Bust of Abraham Lincoln,American,,,,,Maker,,James Gillinder and Sons,"American, 1861–ca. 1930",,"Gillinder and Sons, James",American,1861,1930,,,,1876,1876,1876,Pressed glass,2 3/4 x 3 1/2 x 2 3/4 in. (7 x 8.9 x 7 cm),"Overall,None,7,7,8.9","Gift of Teunis G. B. Cortelyou, 1964",Made in,Philadelphia,Pennsylvania,,United States,Mid-Atlantic,,,,,,,,,2021-04-06T04:41:04.967Z,"Metropolitan Museum of Art, New York, NY",https://www.metmuseum.org/art/collection/search/33,"Abraham Lincoln,http://vocab.getty.edu/page/ulan/500344436,https://www.wikidata.org/wiki/Q91,Portraits,http://vocab.getty.edu/page/aat/300015637,https://www.wikidata.org/wiki/Q134307,Men,http://vocab.getty.edu/page/aat/300025928,https://www.wikidata.org/wiki/Q8441",,False,774
34,False,1970.289.6,1970,True,https://images.metmuseum.org/CRDImages/ad/original/204788.jpg,https://images.metmuseum.org/CRDImages/ad/web-large/204788.jpg,,"1082,Maker,Forestville Manufacturing Company,,,",The American Wing,Clock,Acorn Clock,American,,,,,Maker,,Forestville Manufacturing Company,1835–1853,,Forestville Manufacturing Company,,1835,1853,,,,1847–50,1847,1850,"Mahogany, laminated",24 3/8 x 14 5/8 x 5 1/8 in. (61.9 x 37.1 x 13 cm),"Overall,None,13.0175,61.9,37.1","Gift of Mrs. Paul Moore, 1970",Made in,Bristol,Connecticut,,United States,New England,,,,,,,,,2021-06-30T04:39:57.037Z,"Metropolitan Museum of Art, New York, NY",https://www.metmuseum.org/art/collection/search/34,"Boats,http://vocab.getty.edu/page/aat/300178749,https://www.wikidata.org/wiki/Q35872,Landscapes,http://vocab.getty.edu/page/aat/300132294,https://www.wikidata.org/wiki/Q191163",,False,774
35,True,04.1a–c,1904,False,,,,"1083,Designer,Designed by Paulding Farnham,http://vocab.getty.edu/page/ulan/500336597,https://www.wikidata.org/wiki/Q13476260,,162539,Manufacturer,Manufactured by Tiffany &amp; Co.,http://vocab.getty.edu/page/ulan/500330306,https://www.wikidata.org/wiki/Q1066858,",The American Wing,Vase,The Adams Vase,American,,,,,Designer,Designed by,Paulding Farnham,1859–1927,,"Farnham, Paulding",,1859,1927,,https://www.wikidata.org/wiki/Q13476260,http://vocab.getty.edu/page/ulan/500336597,1893–95,1893,1895,"Gold, amethysts, spessartites, tourmalines, fresh water pearls, quartzes, rock crystal, and enamel","Overall: 19 7/16 x 13 x 9 1/4 in. (49.4 x 33 x 23.5 cm); 352 oz. 18 dwt. (10977 g)
Body: H. 18 7/8 in. (47.9 cm)
Cover: 4 1/4 x 4 13/16 in. (10.8 x 12.2 cm); 19 oz. 6 dwt. (600.1 g)","Overall,None,23.495,49.3713,10.977,33,Other,Cover,12.2238,10.795,0.6001,Other,Body,47.9426","Gift of Edward D. Adams, 1904",Made in,New York,New York,,United States,Mid-Atlantic,,,,,,,,,2021-04-06T04:41:04.967Z,"Metropolitan Museum of Art, New York, NY",https://www.metmuseum.org/art/collection/search/35,"Birds,http://vocab.getty.edu/page/aat/300266506,https://www.wikidata.org/wiki/Q5113,Men,http://vocab.getty.edu/page/aat/300025928,https://www.wikidata.org/wiki/Q8441,Animals,http://vocab.getty.edu/page/aat/300249525,https://www.wikidata.org/wiki/Q729,Garlands,http://vocab.getty.edu/page/aat/300167386,https://www.wikidata.org/wiki/Q756600",https://www.wikidata.org/wiki/Q83545838,True,706
36,False,1976.319,1976,False,,,,"1085,Maker,Conrad Henninger,,,",The American Wing,Side Chair,Side Chair,American,,,,,Maker,,Conrad Henninger,active ca. 1888–1932,,"Henninger, Conrad",,1885,1932,,,,ca. 1887,1884,1887,"Oak, tulip poplar",40 x 25 1/2 x 34 1/2 in. (101.6 x 64.8 x 87.6 cm),"Overall,None,87.6302,101.6,64.8","Gift of Charlotte Pickman-Gertz, 1976",Made in,Lebanon,Pennsylvania,,United States,Mid-Atlantic,,,,,,,,,2021-04-06T04:41:04.967Z,"Metropolitan Museum of Art, New York, NY",https://www.metmuseum.org/art/collection/search/36,None,,False,774
37,False,38.165.51,1938,True,https://images.metmuseum.org/CRDImages/ad/original/DP247752.jpg,https://images.metmuseum.org/CRDImages/ad/web-large/DP247752.jpg,"https://images.metmuseum.org/CRDImages/ad/original/DP247756.jpg,https://images.metmuseum.org/CRDImages/ad/original/117430.jpg","164285,Maker,Pierre Stephan,http://vocab.getty.edu/page/ulan/500100483,,",The American Wing,Figure,Figure of Admiral George Rodney,British (American market),,,,,Maker,,Pierre Stephan,"French, active ca. 1770–95",,"Stephan, Pierre",French,1765,1795,,,http://vocab.getty.edu/page/ulan/500100483,ca. 1785,1782,1785,"Earthenware, basalt",H. 12 in. (30.5 cm),"Overall,None,30.5","Harris Brisbane Dick Fund, 1938",Made in,,,Staffordshire,England,West Midlands,,,,,,,,,2021-04-06T04:41:04.967Z,"Metropolitan Museum of Art, New York, NY",https://www.metmuseum.org/art/collection/search/37,"Cannons,http://vocab.getty.edu/page/aat/300036936,https://www.wikidata.org/wiki/Q81103,Swords,http://vocab.getty.edu/page/aat/300037048,https://www.wikidata.org/wiki/Q12791,Men,http://vocab.getty.edu/page/aat/300025928,https://www.wikidata.org/wiki/Q8441",,False,774
38,False,38.165.50,1938,True,https://images.metmuseum.org/CRDImages/ad/original/DP247753.jpg,https://images.metmuseum.org/CRDImages/ad/web-large/DP247753.jpg,https://images.metmuseum.org/CRDImages/ad/original/DP247755.jpg,"164285,Maker,Pierre Stephan,http://vocab.getty.edu/page/ulan/500100483,,",The American Wing,Figure,Figure of Admiral Samuel Hood,British (American market),,,,,Maker,,Pierre Stephan,"French, active ca. 1770–95",,"Stephan, Pierre",French,1765,1795,,,http://vocab.getty.edu/page/ulan/500100483,ca. 1785,1782,1785,"Earthenware, basalt",H. 12 3/8 in. (31.4 cm),"Overall,None,31.4","Harris Brisbane Dick Fund, 1938",Made in,,,Staffordshire,England,West Midlands,,,,,,,,,2021-04-06T04:41:04.967Z,"Metropolitan Museum of Art, New York, NY",https://www.metmuseum.org/art/collection/search/38,"Cannons,http://vocab.getty.edu/page/aat/300036936,https://www.wikidata.org/wiki/Q81103,Swords,http://vocab.getty.edu/page/aat/300037048,https://www.wikidata.org/wiki/Q12791,Men,http://vocab.getty.edu/page/aat/300025928,https://www.wikidata.org/wiki/Q8441,Admirals,http://vocab.getty.edu/page/aat/300236014,https://www.wikidata.org/wiki/Q132851",,False,774
39,False,18.11.10,1918,True,https://images.metmuseum.org/CRDImages/ad/original/37808.jpg,https://images.metmuseum.org/CRDImages/ad/web-large/37808.jpg,,None,The American Wing,Advertisement,Advertisement for Norwich Stone Ware Factory,American,,,,,,,,,,,,,,,,,1770–1800,1770,1800,Paper,11 x 9 in. (27.9 x 22.9 cm),"Overall,None,27.9,22.86","Rogers Fund, 1918",Made in,Norwich,Connecticut,,United States,New England,,,,,,,,,2021-04-06T04:41:04.967Z,"Metropolitan Museum of Art, New York, NY",https://www.metmuseum.org/art/collection/search/39,"Advertisements,http://vocab.getty.edu/page/aat/300193993,https://www.wikidata.org/wiki/Q39911916",,False,
40,False,46.140.143,1946,True,https://images.metmuseum.org/CRDImages/ad/original/174118.jpg,https://images.metmuseum.org/CRDImages/ad/web-large/174118.jpg,,"1087,Maker,New England Glass Company,http://vocab.getty.edu/page/ulan/500356007,https://www.wikidata.org/wiki/Q17083157,",The American Wing,Ale glass,Ale Glass,American,,,,,Maker,,New England Glass Company,"American, East Cambridge, Massachusetts, 1818–1888",,New England Glass Company,,1818,1888,,https://www.wikidata.org/wiki/Q17083157,http://vocab.getty.edu/page/ulan/500356007,1830–70,1830,1870,Pressed glass,H. 6 9/16 in. (16.7 cm); Diam. 3 in. (7.6 cm),"Other,None,7.62,16.6688","Gift of Mrs. Emily Winthrop Miles, 1946",Made in,East Cambridge,Massachusetts,,United States,New England,,,,,,,,,2021-04-06T04:41:04.967Z,"Metropolitan Museum of Art, New York, NY",https://www.metmuseum.org/art/collection/search/40,None,,False,774
41,False,46.140.864,1946,True,https://images.metmuseum.org/CRDImages/ad/original/187154.jpg,https://images.metmuseum.org/CRDImages/ad/web-large/187154.jpg,,"162584,Maker,Union Glass Company,,,",The American Wing,Ale glass,Ale Glass,American,,,,,Maker,,Union Glass Company,"American, Somerville, Massachusetts",,Union Glass Company,American,,,,,,1850–70,1850,1870,Pressed glass,H. 6 1/4 in. (15.9 cm); Diam. 2 15/16 in. (7.5 cm),"Other,None,7.4613,15.875","Gift of Mrs. Emily Winthrop Miles, 1946",Made in,Somerville,Massachusetts,,United States,New England,,,,,,,,,2021-04-06T04:41:04.967Z,"Metropolitan Museum of Art, New York, NY",https://www.metmuseum.org/art/collection/search/41,None,,False,774
42,False,60.58.1,1960,True,https://images.metmuseum.org/CRDImages/ad/original/172134.jpg,https://images.metmuseum.org/CRDImages/ad/web-large/172134.jpg,https://images.metmuseum.org/CRDImages/ad/original/172133.jpg,None,The American Wing,Andiron,Andiron,American,,,,,,,,,,,,,,,,,1795–1810,1795,1810,"Brass, iron",30 7/8 x 25 x 13 7/8 in. (78.4 x 63.5 x 35.2 cm),"Overall,None,35.2426,78.4,63.5","Sansbury-Mills Fund, 1960",Made in,New York,New York,,United States,Mid-Atlantic,,,,,,,,,2021-04-06T04:41:04.967Z,"Metropolitan Museum of Art, New York, NY",https://www.metmuseum.org/art/collection/search/42,None,,False,724
43,False,60.58.2,1960,True,https://images.metmuseum.org/CRDImages/ad/original/172134.jpg,https://images.metmuseum.org/CRDImages/ad/web-large/172134.jpg,https://images.metmuseum.org/CRDImages/ad/original/172133.jpg,None,The American Wing,Andiron,Andiron,American,,,,,,,,,,,,,,,,,1795–1810,1795,1810,"Brass, iron",30 7/8 x 25 x 13 7/8 in. (78.4 x 63.5 x 35.2 cm),"Overall,None,35.2,78.4227,63.5","Sansbury-Mills Fund, 1960",Made in,New York,New York,,United States,Mid-Atlantic,,,,,,,,,2021-04-06T04:41:04.967Z,"Metropolitan Museum of Art, New York, NY",https://www.metmuseum.org/art/collection/search/43,None,,False,724
44,False,10.125.444a,1910,True,https://images.metmuseum.org/CRDImages/ad/original/17342.jpg,https://images.metmuseum.org/CRDImages/ad/web-large/17342.jpg,,None,The American Wing,Andiron,Andiron,,,,,,,,,,,,,,,,,,ca. 1790,1787,1790,Brass,H. 27 in. (68.6 cm),"Overall,None,68.5801","Gift of Mrs. Russell Sage, 1909",,,,,,,,,,,,,,,2021-04-06T04:41:04.967Z,"Metropolitan Museum of Art, New York, NY",https://www.metmuseum.org/art/collection/search/44,None,,False,774
45,False,10.125.444b,1910,True,https://images.metmuseum.org/CRDImages/ad/original/17342.jpg,https://images.metmuseum.org/CRDImages/ad/web-large/17342.jpg,,None,The American Wing,Andiron,Andiron,,,,,,,,,,,,,,,,,,ca. 1790,1787,1790,Brass,H. 27 in. (68.6 cm),"Overall,None,68.5801","Gift of Mrs. Russell Sage, 1909",,,,,,,,,,,,,,,2021-04-06T04:41:04.967Z,"Metropolitan Museum of Art, New York, NY",https://www.metmuseum.org/art/collection/search/45,None,,False,774
46,False,10.125.445a,1910,True,https://images.metmuseum.org/CRDImages/ad/original/12875.jpg,https://images.metmuseum.org/CRDImages/ad/web-large/12875.jpg,,None,The American Wing,Andiron,Andiron,,,,,,,,,,,,,,,,,,1700–1800,1700,1800,Brass,H. 16 in. (40.6 cm),"Overall,None,40.6401","Gift of Mrs. Russell Sage, 1909",,,,,,,,,,,,,,,2021-04-06T04:41:04.967Z,"Metropolitan Museum of Art, New York, NY",https://www.metmuseum.org/art/collection/search/46,None,,False,
47,False,10.125.445b,1910,True,https://images.metmuseum.org/CRDImages/ad/original/12875.jpg,https://images.metmuseum.org/CRDImages/ad/web-large/12875.jpg,,None,The American Wing,Andiron,Andiron,,,,,,,,,,,,,,,,,,1700–1800,1700,1800,Brass,H. 16 in. (40.6 cm),"Overall,None,40.6401","Gift of Mrs. Russell Sage, 1909",,,,,,,,,,,,,,,2021-04-06T04:41:04.967Z,"Metropolitan Museum of Art, New York, NY",https://www.metmuseum.org/art/collection/search/47,None,,False,
48,False,10.125.446a,1910,False,,,,None,The American Wing,Andiron,Andiron,,,,,,,,,,,,,,,,,,1770–1800,1770,1800,Iron,H. 17 in. (43.2 cm),"Overall,None,43.1801","Gift of Mrs. Russell Sage, 1909",,,,,,,,,,,,,,,2021-04-06T04:41:04.967Z,"Metropolitan Museum of Art, New York, NY",https://www.metmuseum.org/art/collection/search/48,None,,False,774
49,False,10.125.446b,1910,False,,,,None,The American Wing,Andiron,Andiron,,,,,,,,,,,,,,,,,,1770–1800,1770,1800,Iron,H. 17 in. (43.2 cm),"Overall,None,43.1801","Gift of Mrs. Russell Sage, 1909",,,,,,,,,,,,,,,2021-04-06T04:41:04.967Z,"Metropolitan Museum of Art, New York, NY",https://www.metmuseum.org/art/collection/search/49,None,,False,774
50,False,10.125.447a,1910,True,https://images.metmuseum.org/CRDImages/ad/original/130480.jpg,https://images.metmuseum.org/CRDImages/ad/web-large/130480.jpg,https://images.metmuseum.org/CRDImages/ad/original/12874.jpg,None,The American Wing,Andiron,Andiron,,,,,,,,,,,,,,,,,,1770–1800,1770,1800,Iron,H. 11 1/2 in. (29.2 cm),"Overall,None,29.2101","Gift of Mrs. Russell Sage, 1909",,,,,,,,,,,,,,,2021-04-06T04:41:04.967Z,"Metropolitan Museum of Art, New York, NY",https://www.metmuseum.org/art/collection/search/50,"Human Figures,http://vocab.getty.edu/page/aat/300404114,https://www.wikidata.org/wiki/Q5937779",,False,774
51,False,10.125.447b,1910,True,https://images.metmuseum.org/CRDImages/ad/original/130480.jpg,https://images.metmuseum.org/CRDImages/ad/web-large/130480.jpg,https://images.metmuseum.org/CRDImages/ad/original/12874.jpg,None,The American Wing,Andiron,Andiron,,,,,,,,,,,,,,,,,,1770–1800,1770,1800,Iron,H. 11 1/2 in. (29.2 cm),"Overall,None,29.2101","Gift of Mrs. Russell Sage, 1909",,,,,,,,,,,,,,,2021-04-06T04:41:04.967Z,"Metropolitan Museum of Art, New York, NY",https://www.metmuseum.org/art/collection/search/51,"Human Figures,http://vocab.getty.edu/page/aat/300404114,https://www.wikidata.org/wiki/Q5937779",,False,774
52,False,10.125.452a,1910,True,https://images.metmuseum.org/CRDImages/ad/original/12875.jpg,https://images.metmuseum.org/CRDImages/ad/web-large/12875.jpg,,None,The American Wing,Andiron,Andiron,,,,,,,,,,,,,,,,,,1700–1800,1700,1800,Bell metal,H. 16 1/2 in. (41.9 cm),"Overall,None,41.9101","Gift of Mrs. Russell Sage, 1909",,,,,,,,,,,,,,,2021-04-06T04:41:04.967Z,"Metropolitan Museum of Art, New York, NY",https://www.metmuseum.org/art/collection/search/52,None,,False,
53,False,10.125.452b,1910,True,https://images.metmuseum.org/CRDImages/ad/original/12875.jpg,https://images.metmuseum.org/CRDImages/ad/web-large/12875.jpg,,None,The American Wing,Andiron,Andiron,,,,,,,,,,,,,,,,,,1700–1800,1700,1800,Bell metal,H. 16 1/2 in. (41.9 cm),"Overall,None,41.9101","Gift of Mrs. Russell Sage, 1909",,,,,,,,,,,,,,,2021-04-06T04:41:04.967Z,"Metropolitan Museum of Art, New York, NY",https://www.metmuseum.org/art/collection/search/53,None,,False,774
56,False,10.125.454a,1910,True,https://images.metmuseum.org/CRDImages/ad/original/12875.jpg,https://images.metmuseum.org/CRDImages/ad/web-large/12875.jpg,,None,The American Wing,Andiron,Andiron,,,,,,,,,,,,,,,,,,1800–1830,1800,1830,Bell metal,H. 23 in. (58.4 cm),"Overall,None,58.4201","Gift of Mrs. Russell Sage, 1909",,,,,,,,,,,,,,,2021-04-06T04:41:04.967Z,"Metropolitan Museum of Art, New York, NY",https://www.metmuseum.org/art/collection/search/56,None,,False,774
57,False,10.125.454b,1910,True,https://images.metmuseum.org/CRDImages/ad/original/12875.jpg,https://images.metmuseum.org/CRDImages/ad/web-large/12875.jpg,,None,The American Wing,Andiron,Andiron,,,,,,,,,,,,,,,,,,1800–1830,1800,1830,Bell metal,H. 23 in. (58.4 cm),"Overall,None,58.4201","Gift of Mrs. Russell Sage, 1909",,,,,,,,,,,,,,,2021-04-06T04:41:04.967Z,"Metropolitan Museum of Art, New York, NY",https://www.metmuseum.org/art/collection/search/57,None,,False,774
58,False,10.125.499a,1910,False,,,,None,The American Wing,Andiron,Andiron,,,,,,,,,,,,,,,,,,1800–1900,1800,1900,Iron,H. 16 in. (40.6 cm),"Overall,None,40.6401","Gift of Mrs. Russell Sage, 1909",,,,,,,,,,,,,,,2021-04-06T04:41:04.967Z,"Metropolitan Museum of Art, New York, NY",https://www.metmuseum.org/art/collection/search/58,None,,False,
59,False,10.125.499b,1910,False,,,,None,The American Wing,Andiron,Andiron,,,,,,,,,,,,,,,,,,1800–1900,1800,1900,Iron,H. 16 in. (40.6 cm),"Overall,None,40.6401","Gift of Mrs. Russell Sage, 1909",,,,,,,,,,,,,,,2021-04-06T04:41:04.967Z,"Metropolitan Museum of Art, New York, NY",https://www.metmuseum.org/art/collection/search/59,None,,False,
62,False,22.120.1,1922,True,https://images.metmuseum.org/CRDImages/ad/original/50662.jpg,https://images.metmuseum.org/CRDImages/ad/web-large/50662.jpg,,None,The American Wing,Andiron,Andiron,,,,,,,,,,,,,,,,,,ca. 1800,1797,1800,Brass,22 1/2 x 23 in. (57.2 x 58.4 cm),"Overall,None,57.1501,58.4","Rogers Fund, 1922",,,,,,,,,,,,,,,2021-04-06T04:41:04.967Z,"Metropolitan Museum of Art, New York, NY",https://www.metmuseum.org/art/collection/search/62,None,,False,741
63,False,22.120.2,1922,True,https://images.metmuseum.org/CRDImages/ad/original/50662.jpg,https://images.metmuseum.org/CRDImages/ad/web-large/50662.jpg,,None,The American Wing,Andiron,Andiron,,,,,,,,,,,,,,,,,,ca. 1800,1797,1800,Brass,22 1/2 x 23 in. (57.2 x 58.4 cm),"Overall,None,57.2,58.4201","Rogers Fund, 1922",,,,,,,,,,,,,,,2021-04-06T04:41:04.967Z,"Metropolitan Museum of Art, New York, NY",https://www.metmuseum.org/art/collection/search/63,None,,False,741
64,False,23.80.14,1923,True,https://images.metmuseum.org/CRDImages/ad/original/52601.jpg,https://images.metmuseum.org/CRDImages/ad/web-large/52601.jpg,,None,The American Wing,Andiron,Andiron,American,,,,,,,,,,,,,,,,,1795–1810,1795,1810,"Brass, iron",25 1/4 x 21 1/2 x 13 1/2 in. (64.1 x 54.6 x 34.3 cm),"Overall,None,34.3,64.1,54.6101","Gift of Mr. and Mrs. William A. Moore, 1923",Made in,New York,New York,,United States,Mid-Atlantic,,,,,,,,,2021-04-06T04:41:04.967Z,"Metropolitan Museum of Art, New York, NY",https://www.metmuseum.org/art/collection/search/64,None,,False,728
65,False,23.80.15,1923,True,https://images.metmuseum.org/CRDImages/ad/original/52601.jpg,https://images.metmuseum.org/CRDImages/ad/web-large/52601.jpg,,None,The American Wing,Andiron,Andiron,American,,,,,,,,,,,,,,,,,1795–1810,1795,1810,"Brass, iron",25 1/4 x 21 1/2 x 13 1/2 in. (64.1 x 54.6 x 34.3 cm),"Overall,None,34.3,64.1,54.6101","Gift of Mr. and Mrs. William A. Moore, 1923",Made in,New York,New York,,United States,Mid-Atlantic,,,,,,,,,2021-04-06T04:41:04.967Z,"Metropolitan Museum of Art, New York, NY",https://www.metmuseum.org/art/collection/search/65,None,,False,728
68,False,30.120.83,1930,True,https://images.metmuseum.org/CRDImages/ad/original/81112.jpg,https://images.metmuseum.org/CRDImages/ad/web-large/81112.jpg,https://images.metmuseum.org/CRDImages/ad/original/81112-4.jpg,None,The American Wing,Andiron,Andiron,,,,,,,,,,,,,,,,,,1760–80,1760,1780,"Brass, iron",H. 23 1/2 in. (59.7 cm),"Overall,None,59.6901","The Sylmaris Collection, Gift of George Coe Graves, 1930",,,,,,,,,,,,,,,2021-06-22T04:40:18.937Z,"Metropolitan Museum of Art, New York, NY",https://www.metmuseum.org/art/collection/search/68,None,,False,719
69,False,30.120.84,1930,True,https://images.metmuseum.org/CRDImages/ad/original/81112.jpg,https://images.metmuseum.org/CRDImages/ad/web-large/81112.jpg,,None,The American Wing,Andiron,Andiron,,,,,,,,,,,,,,,,,,1760–80,1760,1780,"Brass, iron",H. 23 1/2 in. (59.7 cm),"Overall,None,59.6901","The Sylmaris Collection, Gift of George Coe Graves, 1930",,,,,,,,,,,,,,,2021-06-22T04:40:18.937Z,"Metropolitan Museum of Art, New York, NY",https://www.metmuseum.org/art/collection/search/69,None,,False,719
70,False,34.90.1,1934,True,https://images.metmuseum.org/CRDImages/ad/original/98546.jpg,https://images.metmuseum.org/CRDImages/ad/web-large/98546.jpg,,None,The American Wing,Andiron,Andiron,,,,,,,,,,,,,,,,,,1750–65,1750,1765,"Bell metal, possibly iron",18 1/2 x 22 1/4 x 13 1/2 in. (47 x 56.5 x 34.3 cm),"Overall,None,34.3,47,56.5151","Rogers Fund, 1934",,,,,,,,,,,,,,,2021-04-06T04:41:04.967Z,"Metropolitan Museum of Art, New York, NY",https://www.metmuseum.org/art/collection/search/70,None,,False,774
71,False,34.90.2,1934,True,https://images.metmuseum.org/CRDImages/ad/original/98546.jpg,https://images.metmuseum.org/CRDImages/ad/web-large/98546.jpg,,None,The American Wing,Andiron,Andiron,,,,,,,,,,,,,,,,,,1750–65,1750,1765,"Bell metal, possibly iron",18 1/2 x 22 1/4 x 13 1/2 in. (47 x 56.5 x 34.3 cm),"Overall,None,34.2901,47,56.5","Rogers Fund, 1934",,,,,,,,,,,,,,,2021-04-06T04:41:04.967Z,"Metropolitan Museum of Art, New York, NY",https://www.metmuseum.org/art/collection/search/71,None,,False,774
72,False,36.31.1,1936,False,,,,None,The American Wing,Andiron,Andiron,American,,,,,,,,,,,,,,,,,1750–80,1750,1780,"Brass, iron",21 x 21 x 13 1/2 in. (53.3 x 53.3 x 34.3 cm),"Overall,None,34.2901,53.3,53.3","Morris K. Jesup Fund, 1936",Made in,Philadelphia,Pennsylvania,,United States,Mid-Atlantic,,,,,,,,,2021-04-06T04:41:04.967Z,"Metropolitan Museum of Art, New York, NY",https://www.metmuseum.org/art/collection/search/72,None,,False,774
73,False,36.31.2,1936,False,,,,None,The American Wing,Andiron,Andiron,American,,,,,,,,,,,,,,,,,1750–80,1750,1780,"Brass, iron",21 x 21 x 13 1/2 in. (53.3 x 53.3 x 34.3 cm),"Overall,None,34.3,53.3,53.3401","Morris K. Jesup Fund, 1936",Made in,Philadelphia,Pennsylvania,,United States,Mid-Atlantic,,,,,,,,,2021-04-06T04:41:04.967Z,"Metropolitan Museum of Art, New York, NY",https://www.metmuseum.org/art/collection/search/73,None,,False,774
74,False,37.15.1,1937,True,https://images.metmuseum.org/CRDImages/ad/original/110314.jpg,https://images.metmuseum.org/CRDImages/ad/web-large/110314.jpg,,None,The American Wing,Andiron,Andiron,,,,,,,,,,,,,,,,,,1770–1800,1770,1800,Iron,30 3/4 x 28 in. (78.1 x 71.1 cm),"Overall,None,78.1,71.1201","Purchase, The Sylmaris Collection, Gift of George Coe Graves, by exchange, 1937",,,,,,,,,,,,,,,2021-04-06T04:41:04.967Z,"Metropolitan Museum of Art, New York, NY",https://www.metmuseum.org/art/collection/search/74,None,,False,
75,False,37.15.2,1937,True,https://images.metmuseum.org/CRDImages/ad/original/110314.jpg,https://images.metmuseum.org/CRDImages/ad/web-large/110314.jpg,,None,The American Wing,Andiron,Andiron,,,,,,,,,,,,,,,,,,1770–1800,1770,1800,Iron,30 3/4 x 28 in. (78.1 x 71.1 cm),"Overall,None,78.1,71.1201","Purchase, The Sylmaris Collection, Gift of George Coe Graves, by exchange, 1937",,,,,,,,,,,,,,,2021-04-06T04:41:04.967Z,"Metropolitan Museum of Art, New York, NY",https://www.metmuseum.org/art/collection/search/75,None,,False,
76,False,37.46.1,1937,False,,,,None,The American Wing,Andiron,Andiron,,,,,,,,,,,,,,,,,,1740–60,1740,1760,"Iron, brass",21 1/4 x 17 3/4 in. (54 x 45.1 cm),"Overall,None,54,45.0851","Rogers Fund, 1937",,,,,,,,,,,,,,,2021-04-06T04:41:04.967Z,"Metropolitan Museum of Art, New York, NY",https://www.metmuseum.org/art/collection/search/76,None,,False,774
77,False,37.46.2,1937,False,,,,None,The American Wing,Andiron,Andiron,,,,,,,,,,,,,,,,,,1740–60,1740,1760,"Iron, brass",21 1/4 x 17 3/4 in. (54 x 45.1 cm),"Overall,None,54,45.0851","Rogers Fund, 1937",,,,,,,,,,,,,,,2021-04-06T04:41:04.967Z,"Metropolitan Museum of Art, New York, NY",https://www.metmuseum.org/art/collection/search/77,None,,False,774
78,False,37.174.1,1937,True,https://images.metmuseum.org/CRDImages/ad/original/113560.jpg,https://images.metmuseum.org/CRDImages/ad/web-large/113560.jpg,,None,The American Wing,Andiron,Andiron,,,,,,,,,,,,,,,,,,ca. 1700,1697,1700,"Brass, iron",17 3/4 x 24 in. (45.1 x 61 cm),"Overall,None,45.0851,61","Rogers Fund, 1937",Made in,,,,Spain,,,,,,,,,,2021-04-06T04:41:04.967Z,"Metropolitan Museum of Art, New York, NY",https://www.metmuseum.org/art/collection/search/78,None,,False,774
79,False,37.174.2,1937,True,https://images.metmuseum.org/CRDImages/ad/original/113560.jpg,https://images.metmuseum.org/CRDImages/ad/web-large/113560.jpg,,None,The American Wing,Andiron,Andiron,,,,,,,,,,,,,,,,,,ca. 1700,1697,1700,"Brass, iron",17 3/4 x 24 in. (45.1 x 61 cm),"Overall,None,45.1,60.9601","Rogers Fund, 1937",Made in,,,,Spain,,,,,,,,,,2021-04-06T04:41:04.967Z,"Metropolitan Museum of Art, New York, NY",https://www.metmuseum.org/art/collection/search/79,None,,False,774
80,False,39.184.46,1939,True,https://images.metmuseum.org/CRDImages/ad/original/120114.jpg,https://images.metmuseum.org/CRDImages/ad/web-large/120114.jpg,,None,The American Wing,Andiron,Andiron,,,,,,,,,,,,,,,,,,1760–80,1760,1780,"Brass, iron",25 1/2 x 22 1/4 x 13 1/2 in. (64.8 x 56.5 x 34.3 cm),"Overall,None,34.3,64.8,56.5151","Gift of James DeLancey Verplanck and John Bayard Rodgers Verplanck,  1939",Probably made in,New York,New York,,United States,Mid-Atlantic,,,,,,,,,2021-04-06T04:41:04.967Z,"Metropolitan Museum of Art, New York, NY",https://www.metmuseum.org/art/collection/search/80,None,,False,718
81,False,39.184.47,1939,True,https://images.metmuseum.org/CRDImages/ad/original/120114.jpg,https://images.metmuseum.org/CRDImages/ad/web-large/120114.jpg,,None,The American Wing,Andiron,Andiron,,,,,,,,,,,,,,,,,,1760–80,1760,1780,"Brass, iron",25 1/2 x 22 1/4 x 13 1/2 in. (64.8 x 56.5 x 34.3 cm),"Overall,None,34.3,64.8,56.5151","Gift of James DeLancey Verplanck and John Bayard Rodgers Verplanck,  1939",,,,,,,,,,,,,,,2021-04-06T04:41:04.967Z,"Metropolitan Museum of Art, New York, NY",https://www.metmuseum.org/art/collection/search/81,None,,False,718
84,False,41.160.340,1941,False,,,,None,The American Wing,Andiron,Andiron,,,,,,,,,,,,,,,,,,1800–1850,1800,1850,Brass,16 1/8 x 15 1/4 x 8 1/8 in. (41 x 38.7 x 20.6 cm),"Overall,None,20.6,41,38.7351","Bequest of W. Gedney Beatty, 1941",,,,,,,,,,,,,,,2021-04-06T04:41:04.967Z,"Metropolitan Museum of Art, New York, NY",https://www.metmuseum.org/art/collection/search/84,None,,False,774
85,False,41.160.341,1941,False,,,,None,The American Wing,Andiron,Andiron,,,,,,,,,,,,,,,,,,1800–1850,1800,1850,Brass,16 1/8 x 15 1/4 x 8 1/8 in. (41 x 38.7 x 20.6 cm),"Overall,None,20.6375,41,38.7","Bequest of W. Gedney Beatty, 1941",,,,,,,,,,,,,,,2021-04-06T04:41:04.967Z,"Metropolitan Museum of Art, New York, NY",https://www.metmuseum.org/art/collection/search/85,None,,False,774
86,False,41.160.344,1941,True,https://images.metmuseum.org/CRDImages/ad/original/127219.jpg,https://images.metmuseum.org/CRDImages/ad/web-large/127219.jpg,,None,The American Wing,Andiron,Andiron,,,,,,,,,,,,,,,,,,1730–70,1730,1770,Brass,19 1/4 x 19 1/2 x 11 3/4 in. (48.9 x 49.5 x 29.8 cm),"Overall,None,29.8451,48.9,49.5","Bequest of W. Gedney Beatty, 1941",,,,,,,,,,,,,,,2021-04-06T04:41:04.967Z,"Metropolitan Museum of Art, New York, NY",https://www.metmuseum.org/art/collection/search/86,None,,False,774
87,False,41.160.345,1941,True,https://images.metmuseum.org/CRDImages/ad/original/127219.jpg,https://images.metmuseum.org/CRDImages/ad/web-large/127219.jpg,,None,The American Wing,Andiron,Andiron,,,,,,,,,,,,,,,,,,1730–70,1730,1770,Brass,19 1/4 x 19 1/2 x 11 3/4 in. (48.9 x 49.5 x 29.8 cm),"Overall,None,29.8,48.9,49.5301","Bequest of W. Gedney Beatty, 1941",,,,,,,,,,,,,,,2021-04-06T04:41:04.967Z,"Metropolitan Museum of Art, New York, NY",https://www.metmuseum.org/art/collection/search/87,None,,False,774
88,False,41.160.346,1941,True,https://images.metmuseum.org/CRDImages/ad/original/126248.jpg,https://images.metmuseum.org/CRDImages/ad/web-large/126248.jpg,,None,The American Wing,Andiron,Andiron,,,,,,,,,,,,,,,,,,1770–1800,1770,1800,Brass,20 3/4 x 19 1/2 x 11 3/4 in. (52.7 x 49.5 x 29.8 cm),"Overall,None,29.8451,52.7,49.5","Bequest of W. Gedney Beatty, 1941",,,,,,,,,,,,,,,2021-04-06T04:41:04.967Z,"Metropolitan Museum of Art, New York, NY",https://www.metmuseum.org/art/collection/search/88,None,,False,774
89,False,41.160.347,1941,True,https://images.metmuseum.org/CRDImages/ad/original/126248.jpg,https://images.metmuseum.org/CRDImages/ad/web-large/126248.jpg,,None,The American Wing,Andiron,Andiron,,,,,,,,,,,,,,,,,,1770–1800,1770,1800,Brass,20 3/4 x 19 1/2 x 11 3/4 in. (52.7 x 49.5 x 29.8 cm),"Overall,None,29.8,52.7,49.5301","Bequest of W. Gedney Beatty, 1941",,,,,,,,,,,,,,,2021-04-06T04:41:04.967Z,"Metropolitan Museum of Art, New York, NY",https://www.metmuseum.org/art/collection/search/89,None,,False,774
90,False,41.160.372,1941,True,https://images.metmuseum.org/CRDImages/ad/original/127239.jpg,https://images.metmuseum.org/CRDImages/ad/web-large/127239.jpg,,None,The American Wing,Andiron,Andiron,,,,,,,,,,,,,,,,,,1770–1830,1770,1830,Brass,18 3/4 x 17 in. (47.6 x 43.2 cm),"Overall,None,47.6,43.1801","Bequest of W. Gedney Beatty, 1941",,,,,,,,,,,,,,,2021-04-06T04:41:04.967Z,"Metropolitan Museum of Art, New York, NY",https://www.metmuseum.org/art/collection/search/90,None,,False,774
91,False,41.160.373,1941,True,https://images.metmuseum.org/CRDImages/ad/original/127239.jpg,https://images.metmuseum.org/CRDImages/ad/web-large/127239.jpg,,None,The American Wing,Andiron,Andiron,,,,,,,,,,,,,,,,,,1770–1830,1770,1830,Brass,18 3/4 x 17 in. (47.6 x 43.2 cm),"Overall,None,47.6,43.1801","Bequest of W. Gedney Beatty, 1941",,,,,,,,,,,,,,,2021-04-06T04:41:04.967Z,"Metropolitan Museum of Art, New York, NY",https://www.metmuseum.org/art/collection/search/91,None,,False,774
92,False,46.67.126,1946,True,https://images.metmuseum.org/CRDImages/ad/original/DP-16170-029.jpg,https://images.metmuseum.org/CRDImages/ad/web-large/DP-16170-029.jpg,"https://images.metmuseum.org/CRDImages/ad/original/DP-16170-030.jpg,https://images.metmuseum.org/CRDImages/ad/original/138510.jpg",None,The American Wing,Andiron,Andiron,American,,,,,,,,,,,,,,,,,1795–1815,1795,1815,"Brass, iron",23 1/4 x 23 1/2 in. (59.1 x 59.7 cm),"Overall,None,59.1,59.6901","Gift of the Members of the Committee of the Bertha King Benkard Memorial Fund, 1946",Made in,New York,New York,,United States,Mid-Atlantic,,,,,,,,,2021-04-06T04:41:04.967Z,"Metropolitan Museum of Art, New York, NY",https://www.metmuseum.org/art/collection/search/92,"Birds,http://vocab.getty.edu/page/aat/300266506,https://www.wikidata.org/wiki/Q5113",,False,729
93,False,46.67.127,1946,True,https://images.metmuseum.org/CRDImages/ad/original/138510.jpg,https://images.metmuseum.org/CRDImages/ad/web-large/138510.jpg,,None,The American Wing,Andiron,Andiron,American,,,,,,,,,,,,,,,,,1795–1815,1795,1815,"Brass, iron",23 1/4 x 23 1/2 in. (59.1 x 59.7 cm),"Overall,None,59.1,59.6901","Gift of the Members of the Committee of the Bertha King Benkard Memorial Fund, 1946",Made in,New York,New York,,United States,Mid-Atlantic,,,,,,,,,2021-04-06T04:41:04.967Z,"Metropolitan Museum of Art, New York, NY",https://www.metmuseum.org/art/collection/search/93,"Birds,http://vocab.getty.edu/page/aat/300266506,https://www.wikidata.org/wiki/Q5113",,False,729
94,False,47.137.1,1947,True,https://images.metmuseum.org/CRDImages/ad/original/139865.jpg,https://images.metmuseum.org/CRDImages/ad/web-large/139865.jpg,,None,The American Wing,Andiron,Andiron,,,,,,,,,,,,,,,,,,1700–1800,1700,1800,Iron,21 x 15 3/4 in. (53.3 x 40 cm),"Overall,None,53.3,40.0051","Gift of Mrs. J. Insley Blair, 1947",,,,,,,,,,,,,,,2021-04-06T04:41:04.967Z,"Metropolitan Museum of Art, New York, NY",https://www.metmuseum.org/art/collection/search/94,None,,False,
95,False,47.137.2,1947,True,https://images.metmuseum.org/CRDImages/ad/original/139865.jpg,https://images.metmuseum.org/CRDImages/ad/web-large/139865.jpg,,None,The American Wing,Andiron,Andiron,,,,,,,,,,,,,,,,,,1700–1800,1700,1800,Iron,21 x 15 3/4 in. (53.3 x 40 cm),"Overall,None,53.3,40.0051","Gift of Mrs. J. Insley Blair, 1947",,,,,,,,,,,,,,,2021-04-06T04:41:04.967Z,"Metropolitan Museum of Art, New York, NY",https://www.metmuseum.org/art/collection/search/95,None,,False,
96,False,48.135.107,1948,False,,,,None,The American Wing,Andiron,Andiron,,,,,,,,,,,,,,,,,,1700–1800,1700,1800,"Brass, iron",23 1/4 x 18 1/4 in. (59.1 x 46.4 cm),"Overall,None,59.1,46.3551","Bequest of Adeline R. Brown, 1947",,,,,,,,,,,,,,,2021-04-06T04:41:04.967Z,"Metropolitan Museum of Art, New York, NY",https://www.metmuseum.org/art/collection/search/96,None,,False,774
97,False,48.135.108,1948,False,,,,None,The American Wing,Andiron,Andiron,,,,,,,,,,,,,,,,,,1700–1800,1700,1800,"Brass, iron",23 1/4 x 18 1/4 in. (59.1 x 46.4 cm),"Overall,None,59.1,46.3551","Bequest of Adeline R. Brown, 1947",,,,,,,,,,,,,,,2021-04-06T04:41:04.967Z,"Metropolitan Museum of Art, New York, NY",https://www.metmuseum.org/art/collection/search/97,None,,False,774
98,False,48.158.2,1948,False,,,,None,The American Wing,Andiron,Andiron,,,,,,,,,,,,,,,,,,1800–1900,1800,1900,"Brass, steel",11 3/8 x 14 1/2 x 12 in. (28.9 x 36.8 x 30.5 cm),"Overall,None,30.5,28.9,36.8301","Gift of Mrs. J. Insley Blair, 1948",,,,,,,,,,,,,,,2021-04-06T04:41:04.967Z,"Metropolitan Museum of Art, New York, NY",https://www.metmuseum.org/art/collection/search/98,None,,False,774
99,False,48.158.3,1948,False,,,,None,The American Wing,Andiron,Andiron,,,,,,,,,,,,,,,,,,1800–1900,1800,1900,"Brass, steel",11 3/8 x 14 1/2 x 12 in. (28.9 x 36.8 x 30.5 cm),"Overall,None,30.5,28.9,36.8301","Gift of Mrs. J. Insley Blair, 1948",,,,,,,,,,,,,,,2021-04-06T04:41:04.967Z,"Metropolitan Museum of Art, New York, NY",https://www.metmuseum.org/art/collection/search/99,None,,False,774
100,False,49.73.4,1949,True,https://images.metmuseum.org/CRDImages/ad/original/144703.jpg,https://images.metmuseum.org/CRDImages/ad/web-large/144703.jpg,,None,The American Wing,Andiron,Andiron,American or British,,,,,,,,,,,,,,,,,1700–1800,1700,1800,Iron,18 3/4 x 17 1/2 x 10 3/4 in. (47.6 x 44.5 x 27.3 cm),"Overall,None,27.3,47.6251,44.5","Gift of Mrs. J. Insley Blair, 1949",Possibly made in,,,,England,,,,,,,,,,2021-04-06T04:41:04.967Z,"Metropolitan Museum of Art, New York, NY",https://www.metmuseum.org/art/collection/search/100,None,,False,774
101,False,49.73.5,1949,True,https://images.metmuseum.org/CRDImages/ad/original/144703.jpg,https://images.metmuseum.org/CRDImages/ad/web-large/144703.jpg,,None,The American Wing,Andiron,Andiron,American or British,,,,,,,,,,,,,,,,,1700–1800,1700,1800,Iron,18 3/4 x 17 1/2 x 10 3/4 in. (47.6 x 44.5 x 27.3 cm),"Overall,None,27.3,47.6,44.4501","Gift of Mrs. J. Insley Blair, 1949",Possibly made in,,,,England,,,,,,,,,,2021-04-06T04:41:04.967Z,"Metropolitan Museum of Art, New York, NY",https://www.metmuseum.org/art/collection/search/101,None,,False,774
102,False,1971.180.62a,1971,True,https://images.metmuseum.org/CRDImages/ad/original/197726.jpg,https://images.metmuseum.org/CRDImages/ad/web-large/197726.jpg,,None,The American Wing,Andiron,Andiron,,,,,,,,,,,,,,,,,,1790–1820,1790,1820,"Brass, iron",22 1/2 x 27 x 13 in. (57.2 x 68.6 x 33 cm),"Overall,None,33,57.2,68.5801","Bequest of Flora E. Whiting, 1971",,,,,,,,,,,,,,,2021-04-06T04:41:04.967Z,"Metropolitan Museum of Art, New York, NY",https://www.metmuseum.org/art/collection/search/102,None,,False,774
103,False,1971.180.62b,1971,True,https://images.metmuseum.org/CRDImages/ad/original/197727.jpg,https://images.metmuseum.org/CRDImages/ad/web-large/197727.jpg,,None,The American Wing,Andiron,Andiron,,,,,,,,,,,,,,,,,,1790–1820,1790,1820,"Brass, iron",22 1/2 x 27 x 13 in. (57.2 x 68.6 x 33 cm),"Overall,None,33.0201,57.2,68.6","Bequest of Flora E. Whiting, 1971",,,,,,,,,,,,,,,2021-04-06T04:41:04.967Z,"Metropolitan Museum of Art, New York, NY",https://www.metmuseum.org/art/collection/search/103,None,,False,774
104,False,1980.499.4,1980,True,https://images.metmuseum.org/CRDImages/ad/original/224534.jpg,https://images.metmuseum.org/CRDImages/ad/web-large/224534.jpg,,None,The American Wing,Andiron,Andiron,,,,,,,,,,,,,,,,,,1700–1800,1700,1800,Wrought iron,24 x 11 1/2 x 16 in. (61 x 29.2 x 40.6 cm),"Overall,None,40.6,61,29.2101","Gift of Mrs. Eleanor G. Sargent, 1980",,,,,,,,,,,,,,,2021-04-06T04:41:04.967Z,"Metropolitan Museum of Art, New York, NY",https://www.metmuseum.org/art/collection/search/104,None,,False,774
105,False,1980.499.5,1980,True,https://images.metmuseum.org/CRDImages/ad/original/224534.jpg,https://images.metmuseum.org/CRDImages/ad/web-large/224534.jpg,,None,The American Wing,Andiron,Andiron,,,,,,,,,,,,,,,,,,1700–1800,1700,1800,Wrought iron,24 x 11 1/2 x 16 in. (61 x 29.2 x 40.6 cm),"Overall,None,40.6,61,29.2101","Gift of Mrs. Eleanor G. Sargent, 1980",,,,,,,,,,,,,,,2021-04-06T04:41:04.967Z,"Metropolitan Museum of Art, New York, NY",https://www.metmuseum.org/art/collection/search/105,None,,False,774
106,False,1984.134.1,1984,True,https://images.metmuseum.org/CRDImages/ad/original/235820.jpg,https://images.metmuseum.org/CRDImages/ad/web-large/235820.jpg,,None,The American Wing,Andiron,Andiron,American,,,,,,,,,,,,,,,,,ca. 1800,1797,1800,Brass,H. 22 1/2 in. (57.2 cm); Diam. 29 in. (73.7 cm),"Other,Object diameter,73.7,Overall,None,57.2,73.7","Friends of the American Wing Fund, 1984",Made in,New York,New York,,United States,Mid-Atlantic,,,,,,,,,2021-04-06T04:41:04.967Z,"Metropolitan Museum of Art, New York, NY",https://www.metmuseum.org/art/collection/search/106,None,,False,774
107,False,1984.134.2,1984,True,https://images.metmuseum.org/CRDImages/ad/original/235820.jpg,https://images.metmuseum.org/CRDImages/ad/web-large/235820.jpg,,None,The American Wing,Andiron,Andiron,American,,,,,,,,,,,,,,,,,ca. 1800,1797,1800,Brass,H. 22 1/2 in. (57.2 cm); Diam. 29 in. (73.7 cm),"Other,Object diameter,73.7,Overall,None,57.2,73.7","Friends of the American Wing Fund, 1984",Probably made in,New York,New York,,United States,Mid-Atlantic,,,,,,,,,2021-04-06T04:41:04.967Z,"Metropolitan Museum of Art, New York, NY",https://www.metmuseum.org/art/collection/search/107,None,,False,774
108,False,1989.120.1,1989,True,https://images.metmuseum.org/CRDImages/ad/original/248479.jpg,https://images.metmuseum.org/CRDImages/ad/web-large/248479.jpg,https://images.metmuseum.org/CRDImages/ad/original/248480.jpg,"166052,Maker,John Bailey,,,",The American Wing,Andiron,Andiron,American,,,,,Maker,,John Bailey,"American, active New York, 1736–1815",,"Bailey, John",American,1736,1815,,,,1792–1814,1792,1814,Brass and iron,16 1/8 x 10 x 14 7/8 in. (41 x 25.4 x 37.8 cm),"Overall,None,37.8,41,25.4001","Purchase, Mr. and Mrs. George M. Kaufman Gift, 1989",Made in,New York,New York,,United States,Mid-Atlantic,,,,,,,,,2021-04-06T04:41:04.967Z,"Metropolitan Museum of Art, New York, NY",https://www.metmuseum.org/art/collection/search/108,None,,False,774
